title,date
Jimmy.Fallon.2021-04-22.WEB.x264-PHOENiX[TGx],
Greys.Anatomy.S17E13.Good.as.Hell.720p.AMZN.WEBRip.DDP5.1.x264-T,
Jimmy.Fallon.2021.04.22.Kevin.Bacon.720p.WEB.H264-GLHF[TGx],
Young.Sheldon.S04E15.1080p.AMZN.WEBRip.DDP5.1.x264-TOMMY[TGx],
Young.Sheldon.S04E15.720p.AMZN.WEBRip.DDP5.1.x264-TOMMY[TGx],
Dragons.Den.S18E04.480p.x264-mSD[TGx],
White.People.Money.2020.1080p.WEBRip.1400MB.DD5.1.x264-GalaxyRG,
Big.Shot.S01E02.720p.WEBRip.x265-MiNX[TGx],
The.Rachel.Maddow.Show.2021.04.22.720p.MNBC.WEBRip.AAC2.0.H264-B,
Sweet.River.2020.1080p.WEBRip.1400MB.DD5.1.x264-GalaxyRG,
Rebel.2021.S01E03.1080p.WEB.H264-CAKES[TGx],
Greys.Anatomy.S17E13.HDTV.x264-YANKEES[TGx],
James.Corden.2021.04.22.Dominic.Cooper.720p.WEB.H264-JEBAITED[TG,
Law.and.Order.Organized.Crime.S01E04.1080p.WEB.H264-CAKES[TGx],
Station.19.S04E12.720p.WEB.x265-MiNX[TGx],
Station.19.S04E12.WEB.x264-PHOENiX[TGx],
Law.and.Order.Organized.Crime.S01E04.XviD-AFG[TGx],
Station.19.S04E12.1080p.WEB.H264-GGWP[TGx],
Rebel.2021.S01E03.XviD-AFG[TGx],
Manifest.S03E04.XviD-AFG[TGx],
Station.19.S04E12.XviD-AFG[TGx],
Trigger.Point.2021.1080p.WEBRip.1400MB.DD5.1.x264-GalaxyRG,
Shadow.and.Bone.S01.COMPLETE.720p.NF.WEBRip.x264-GalaxyTV,
Law.and.Order.SVU.S22E12.1080p.WEB.H264-STRONTiUM[TGx],
Big.Shot.S01E02.WEBRip.x264-PHOENiX[TGx],
Rebel.2021.S01E03.720p.WEB.H264-CAKES[TGx],
Hells.Kitchen.US.S19E16.720p.WEB.h264-KOGi[TGx],
Station.19.S04E12.720p.WEB.H264-GLHF[TGx],
Law.and.Order.Organized.Crime.S01E04.720p.WEB.H264-CAKES[TGx],
Big.Shot.S01E02.The.Marvyn.Korn.Effect.1080p.DSNP.WEBRip.DDP5.1.,
Law.and.Order.SVU.S22E12.In.The.Year.We.All.Fell.Down.1080p.AMZN,
Law.and.Order.SVU.S22E12.720p.WEB.H264-STRONTiUM[TGx],
Law.and.Order.Organized.Crime.S01E04.The.Stuff.That.Dreams.Are.M,
Law.and.Order.Organized.Crime.S01E04.720p.WEBRip.x265-MiNX[TGx],
Law.and.Order.Organized.Crime.S01E04.The.Stuff.That.Dreams.Are.M,
Law.and.Order.Organized.Crime.S01E04.The.Stuff.That.Dreams.Are.M,
Stephen.Colbert.2021.04.22.Joe.Scarborough.720p.WEB.H264-JEBAITE,
Shadow.and.Bone.S01.COMPLETE.1080p.WEB.H264-MIXED[TGx],
Mortal.Kombat.2021.1080p.WEBRip.1400MB.DD5.1.x264-GalaxyRG,
Greys.Anatomy.S17E13.XviD-AFG[TGx],
Greys.Anatomy.S17E13.1080p.WEB.H264-STRONTiUM[TGx],
Greys.Anatomy.S17E13.720p.HDTV.x264-YANKEES[TGx],
Cake.S04E08.WEB.x264-PHOENiX[TGx],
Manifest.S03E04.WEB.x264-PHOENiX[TGx],
Manifest.S03E04.720p.WEB.H264-STRONTiUM[TGx],
Law.and.Order.SVU.S22E12.XviD-AFG[TGx],
Manifest.S03E04.1080p.WEB.H264-STRONTiUM[TGx],
Manifest.S03E04.720p.WEB.x265-MiNX[TGx],
Cake.S04E08.720p.WEB.H264-GGEZ[TGx],
Greys.Anatomy.S17E13.WEB.x264-PHOENiX[TGx],
